"window_s","task","dataset_id","feature","feature_group","auc","oriented_auc","both_class_subjects","subject_fixed_beta","subject_fixed_p","subject_fixed_fdr"
5,"cognitive_load_vs_baseline","catsa","bvp__base__std","base",0.608121794871795,0.608121794871795,22,1.1469676475817,3.11688277695236e-06,3.76174795096657e-05
5,"cognitive_load_vs_baseline","catsa","bvp__shape__iqr","shape",0.605805194805195,0.605805194805195,22,0.872952605890835,3.76174795096657e-06,3.76174795096657e-05
5,"cognitive_load_vs_baseline","catsa","bvp__shuffle__iqr","shuffle",0.605805194805195,0.605805194805195,22,0.872952605890835,3.76174795096657e-06,3.76174795096657e-05
5,"cognitive_load_vs_baseline","catsa","bvp__reverse__iqr","reverse",0.605805194805195,0.605805194805195,22,0.872952605890835,3.76174795096657e-06,3.76174795096657e-05
5,"cognitive_load_vs_baseline","catsa","bvp__shape__mad","shape",0.604396103896104,0.604396103896104,22,0.774290278190228,1.94503065973863e-05,7.80281720448571e-05
5,"cognitive_load_vs_baseline","catsa","bvp__shuffle__mad","shuffle",0.604396103896104,0.604396103896104,22,0.774290278190228,1.94503065973863e-05,7.80281720448571e-05
5,"cognitive_load_vs_baseline","catsa","bvp__reverse__mad","reverse",0.604396103896104,0.604396103896104,22,0.774290278190228,1.94503065973863e-05,7.80281720448571e-05
5,"cognitive_load_vs_baseline","catsa","bvp__base__min","base",0.402384615384615,0.597615384615385,22,-0.627132498724633,0.00021520184058419,0.000717339468613966
5,"cognitive_load_vs_baseline","catsa","bvp__base__max","base",0.595650641025641,0.595650641025641,22,0.815385126282789,5.22879609053233e-05,0.000190138039655721
5,"cognitive_load_vs_baseline","catsa","bvp__shape__q90","shape",0.584866883116883,0.584866883116883,22,0.679289836834546,1.95070430112143e-05,7.80281720448571e-05
10,"cognitive_load_vs_baseline","catsa","bvp__base__std","base",0.619949748743719,0.619949748743719,23,1.59952622123984,4.16835257112572e-08,1.66734102845029e-06
10,"cognitive_load_vs_baseline","catsa","bvp__base__max","base",0.619331030150754,0.619331030150754,23,1.1019012771588,2.19330570458145e-05,5.84881521221721e-05
10,"cognitive_load_vs_baseline","catsa","bvp__base__min","base",0.383523869346734,0.616476130653266,23,-1.07430664852361,3.07042875254128e-06,1.53521437627064e-05
10,"cognitive_load_vs_baseline","catsa","bvp__shape__mad","shape",0.605166666666667,0.605166666666667,23,1.19383817314059,3.8265485409783e-07,2.18659916627332e-06
10,"cognitive_load_vs_baseline","catsa","bvp__shuffle__mad","shuffle",0.605166666666667,0.605166666666667,23,1.19383817314059,3.8265485409783e-07,2.18659916627332e-06
10,"cognitive_load_vs_baseline","catsa","bvp__reverse__mad","reverse",0.605166666666667,0.605166666666667,23,1.19383817314059,3.8265485409783e-07,2.18659916627332e-06
10,"cognitive_load_vs_baseline","catsa","bvp__shape__q10","shape",0.399589743589744,0.600410256410256,23,-0.790268340313791,1.33111838292209e-05,4.84043048335304e-05
10,"cognitive_load_vs_baseline","catsa","bvp__shuffle__q10","shuffle",0.399589743589744,0.600410256410256,23,-0.790268340313791,1.33111838292209e-05,4.84043048335304e-05
10,"cognitive_load_vs_baseline","catsa","bvp__reverse__q10","reverse",0.399589743589744,0.600410256410256,23,-0.790268340313791,1.33111838292209e-05,4.84043048335304e-05
10,"cognitive_load_vs_baseline","catsa","bvp__shape__iqr","shape",0.599544871794872,0.599544871794872,23,1.19483926426614,2.27744116768718e-07,2.18659916627332e-06
30,"cognitive_load_vs_baseline","catsa","bvp__base__max","base",0.6306125,0.6306125,23,1.33584559722363,4.82018423676249e-06,1.75532807953536e-05
30,"cognitive_load_vs_baseline","catsa","bvp__base__min","base",0.3831625,0.6168375,23,-1.06111914403552,1.0886154612712e-05,3.62871820423735e-05
30,"cognitive_load_vs_baseline","catsa","bvp__shape__mad","shape",0.61241875,0.61241875,23,1.14899980492168,1.44142678655761e-06,1.17639111644612e-05
30,"cognitive_load_vs_baseline","catsa","bvp__shuffle__mad","shuffle",0.61241875,0.61241875,23,1.14899980492168,1.44142678655761e-06,1.17639111644612e-05
30,"cognitive_load_vs_baseline","catsa","bvp__reverse__mad","reverse",0.61241875,0.61241875,23,1.14899980492168,1.44142678655761e-06,1.17639111644612e-05
30,"cognitive_load_vs_baseline","catsa","bvp__base__std","base",0.61120625,0.61120625,23,1.27083926056278,1.45755152941013e-06,1.17639111644612e-05
30,"cognitive_load_vs_baseline","catsa","bvp__shape__q90","shape",0.6090875,0.6090875,23,1.25349778425803,2.05868445378071e-06,1.17639111644612e-05
30,"cognitive_load_vs_baseline","catsa","bvp__shuffle__q90","shuffle",0.6090875,0.6090875,23,1.25349778425803,2.05868445378071e-06,1.17639111644612e-05
30,"cognitive_load_vs_baseline","catsa","bvp__reverse__q90","reverse",0.6090875,0.6090875,23,1.25349778425803,2.05868445378071e-06,1.17639111644612e-05
30,"cognitive_load_vs_baseline","catsa","bvp__shape__q10","shape",0.39793125,0.60206875,23,-0.987561785771531,4.82715221872224e-06,1.75532807953536e-05
5,"stress_vs_exercise","induced_stress_exercise","acc_y__shape__median_crossings","shape",0.120319865319865,0.879680134680135,18,-2.09630642295058,1.71513184162455e-30,3.4302636832491e-29
5,"stress_vs_exercise","induced_stress_exercise","acc_y__reverse__median_crossings","reverse",0.120319865319865,0.879680134680135,18,-2.09630642295058,1.71513184162455e-30,3.4302636832491e-29
5,"stress_vs_exercise","induced_stress_exercise","acc_y__shape__longest_below_median_frac","shape",0.8721632996633,0.8721632996633,18,2.13177945780003,1.45274189409356e-23,3.87397838424949e-23
5,"stress_vs_exercise","induced_stress_exercise","acc_y__reverse__longest_below_median_frac","reverse",0.8721632996633,0.8721632996633,18,2.13177945780003,1.45274189409356e-23,3.87397838424949e-23
5,"stress_vs_exercise","induced_stress_exercise","acc_mag__shape__q75","shape",0.132449494949495,0.867550505050505,18,-2.96831342168415,1.21376572062739e-26,3.73466375577657e-26
5,"stress_vs_exercise","induced_stress_exercise","acc_mag__shuffle__q75","shuffle",0.132449494949495,0.867550505050505,18,-2.96831342168415,1.21376572062739e-26,3.73466375577657e-26
5,"stress_vs_exercise","induced_stress_exercise","acc_mag__reverse__q75","reverse",0.132449494949495,0.867550505050505,18,-2.96831342168415,1.21376572062739e-26,3.73466375577657e-26
5,"stress_vs_exercise","induced_stress_exercise","acc_z__shape__median_crossings","shape",0.141405723905724,0.858594276094276,18,-1.86631282978671,1.29830310906492e-29,1.29830310906492e-28
5,"stress_vs_exercise","induced_stress_exercise","acc_z__reverse__median_crossings","reverse",0.141405723905724,0.858594276094276,18,-1.86631282978671,1.29830310906492e-29,1.29830310906492e-28
5,"stress_vs_exercise","induced_stress_exercise","acc_z__shape__longest_below_median_frac","shape",0.856111111111111,0.856111111111111,18,2.07682533983193,2.99984193427745e-23,7.05845161006459e-23
10,"stress_vs_exercise","induced_stress_exercise","acc_y__shape__median_crossings","shape",0.0988720538720539,0.901127946127946,18,-2.32005081884703,2.48047550819792e-32,4.96095101639585e-31
10,"stress_vs_exercise","induced_stress_exercise","acc_y__reverse__median_crossings","reverse",0.0988720538720539,0.901127946127946,18,-2.32005081884703,2.48047550819792e-32,4.96095101639585e-31
10,"stress_vs_exercise","induced_stress_exercise","acc_x__shape__median_crossings","shape",0.111717171717172,0.888282828282828,18,-2.10078373783672,1.84792594862009e-31,1.84792594862009e-30
10,"stress_vs_exercise","induced_stress_exercise","acc_x__reverse__median_crossings","reverse",0.111717171717172,0.888282828282828,18,-2.10078373783672,1.84792594862009e-31,1.84792594862009e-30
10,"stress_vs_exercise","induced_stress_exercise","acc_mag__shape__q75","shape",0.114057239057239,0.885942760942761,18,-3.21705963546639,4.71182136283826e-30,2.09414282792812e-29
10,"stress_vs_exercise","induced_stress_exercise","acc_mag__shuffle__q75","shuffle",0.114057239057239,0.885942760942761,18,-3.21705963546639,4.71182136283826e-30,2.09414282792812e-29
10,"stress_vs_exercise","induced_stress_exercise","acc_mag__reverse__q75","reverse",0.114057239057239,0.885942760942761,18,-3.21705963546639,4.71182136283826e-30,2.09414282792812e-29
10,"stress_vs_exercise","induced_stress_exercise","acc_x__shape__longest_below_median_frac","shape",0.883409090909091,0.883409090909091,18,2.47902294418856,2.29263578337562e-23,4.16842869704659e-23
10,"stress_vs_exercise","induced_stress_exercise","acc_x__reverse__longest_below_median_frac","reverse",0.883409090909091,0.883409090909091,18,2.47902294418856,2.29263578337562e-23,4.16842869704659e-23
10,"stress_vs_exercise","induced_stress_exercise","acc_y__shape__longest_below_median_frac","shape",0.882676767676768,0.882676767676768,18,2.21256919376592,1.57169429733658e-23,3.14338859467316e-23
30,"stress_vs_exercise","induced_stress_exercise","ibi__shape__q90","shape",0.929740416651411,0.929740416651411,18,4.13609676623238,5.84631049877239e-18,8.35187214110342e-18
30,"stress_vs_exercise","induced_stress_exercise","ibi__shuffle__q90","shuffle",0.929740416651411,0.929740416651411,18,4.13609676623238,5.84631049877239e-18,8.35187214110342e-18
30,"stress_vs_exercise","induced_stress_exercise","ibi__reverse__q90","reverse",0.929740416651411,0.929740416651411,18,4.13609676623238,5.84631049877239e-18,8.35187214110342e-18
30,"stress_vs_exercise","induced_stress_exercise","ibi__shape__median","shape",0.929374290630835,0.929374290630835,18,4.78900554958151,9.18833885091121e-18,9.38448716782476e-18
30,"stress_vs_exercise","induced_stress_exercise","ibi__shuffle__median","shuffle",0.929374290630835,0.929374290630835,18,4.78900554958151,9.18833885091121e-18,9.38448716782476e-18
30,"stress_vs_exercise","induced_stress_exercise","ibi__reverse__median","reverse",0.929374290630835,0.929374290630835,18,4.78900554958151,9.18833885091121e-18,9.38448716782476e-18
30,"stress_vs_exercise","induced_stress_exercise","ibi__shape__q75","shape",0.928971552008201,0.928971552008201,18,4.27718406248877,7.3946570638882e-18,9.38448716782476e-18
30,"stress_vs_exercise","induced_stress_exercise","ibi__shuffle__q75","shuffle",0.928971552008201,0.928971552008201,18,4.27718406248877,7.3946570638882e-18,9.38448716782476e-18
30,"stress_vs_exercise","induced_stress_exercise","ibi__reverse__q75","reverse",0.928971552008201,0.928971552008201,18,4.27718406248877,7.3946570638882e-18,9.38448716782476e-18
30,"stress_vs_exercise","induced_stress_exercise","acc_y__shape__median_crossings","shape",0.0720707070707071,0.927929292929293,18,-2.58896017153593,6.79178838018375e-33,1.35835767603675e-31
5,"pain_high_4_plus","painmonit","emg__shape__q10","shape",0.33933615819209,0.66066384180791,20,-2.60061514545459,0.024597466513943,0.0898410351262959
5,"pain_high_4_plus","painmonit","emg__shuffle__q10","shuffle",0.33933615819209,0.66066384180791,20,-2.60061514545459,0.024597466513943,0.0898410351262959
5,"pain_high_4_plus","painmonit","emg__reverse__q10","reverse",0.33933615819209,0.66066384180791,20,-2.60061514545459,0.024597466513943,0.0898410351262959
5,"pain_high_4_plus","painmonit","emg__base__std","base",0.657044491525424,0.657044491525424,20,1.33934145078176,0.0576533143452909,0.118488732546031
5,"pain_high_4_plus","painmonit","emg__base__max","base",0.653866525423729,0.653866525423729,20,0.661803904321212,0.109071536959796,0.174514459135674
5,"pain_high_4_plus","painmonit","emg__base__min","base",0.370277189265537,0.629722810734463,20,-0.351320022186354,0.327595752319316,0.395084473909848
5,"pain_high_4_plus","painmonit","emg__shape__mad","shape",0.615377824858757,0.615377824858757,20,1.74002047066149,0.0622065845866661,0.118488732546031
5,"pain_high_4_plus","painmonit","emg__shuffle__mad","shuffle",0.615377824858757,0.615377824858757,20,1.74002047066149,0.0622065845866661,0.118488732546031
5,"pain_high_4_plus","painmonit","emg__reverse__mad","reverse",0.615377824858757,0.615377824858757,20,1.74002047066149,0.0622065845866661,0.118488732546031
5,"pain_high_4_plus","painmonit","emg__shape__q90","shape",0.604078389830508,0.604078389830508,20,1.1306307656313,0.142117131084969,0.203024472978527
10,"pain_high_4_plus","painmonit","emg__base__std","base",0.645475159760874,0.645475159760874,25,1.76774687624801,0.0149536591655435,0.0429008023071357
10,"pain_high_4_plus","painmonit","emg__shape__q90","shape",0.641084312512884,0.641084312512884,25,1.55589056298383,0.0286889878451089,0.0573779756902177
10,"pain_high_4_plus","painmonit","emg__shuffle__q90","shuffle",0.641084312512884,0.641084312512884,25,1.55589056298383,0.0286889878451089,0.0573779756902177
10,"pain_high_4_plus","painmonit","emg__reverse__q90","reverse",0.641084312512884,0.641084312512884,25,1.55589056298383,0.0286889878451089,0.0573779756902177
10,"pain_high_4_plus","painmonit","emg__base__max","base",0.636198721913008,0.636198721913008,25,0.547672761850449,0.106747089628234,0.136989050032742
10,"pain_high_4_plus","painmonit","emg__base__min","base",0.371902700474129,0.628097299525871,25,-0.353768299127635,0.245417953690528,0.267274403399335
10,"pain_high_4_plus","painmonit","emg__shape__q10","shape",0.377674706246135,0.622325293753865,25,-2.6431562582018,0.00223154177317681,0.0174144924025124
10,"pain_high_4_plus","painmonit","emg__shuffle__q10","shuffle",0.377674706246135,0.622325293753865,25,-2.6431562582018,0.00223154177317681,0.0174144924025124
10,"pain_high_4_plus","painmonit","emg__reverse__q10","reverse",0.377674706246135,0.622325293753865,25,-2.6431562582018,0.00223154177317681,0.0174144924025124
10,"pain_high_4_plus","painmonit","eda_x_temperature__coupling__max_abs_lagged_correlation","coupling",0.380569177249675,0.619430822750325,25,-0.371270529929844,0.0387893665626405,0.0738845077383629
30,"pain_high_4_plus","painmonit","emg__shape__mean_abs_diff_z","shape",0.657111968209444,0.657111968209444,21,0.549252923569117,0.0159229014013211,0.0265381690022019
30,"pain_high_4_plus","painmonit","emg__reverse__mean_abs_diff_z","reverse",0.657111968209444,0.657111968209444,21,0.549252923569117,0.0159229014013211,0.0265381690022019
30,"pain_high_4_plus","painmonit","temperature__shape__max_time_fraction","shape",0.343297101449275,0.656702898550725,21,-0.56768292969585,0.0142126243413029,0.0265381690022019
30,"pain_high_4_plus","painmonit","emg__shape__rms_z","shape",0.651443431510051,0.651443431510051,21,0.53936550340937,0.0149272223757227,0.0265381690022019
30,"pain_high_4_plus","painmonit","emg__shuffle__rms_z","shuffle",0.651443431510051,0.651443431510051,21,0.53936550340937,0.0149272223757227,0.0265381690022019
30,"pain_high_4_plus","painmonit","emg__reverse__rms_z","reverse",0.651443431510051,0.651443431510051,21,0.539365503409369,0.0149272223757227,0.0265381690022019
30,"pain_high_4_plus","painmonit","emg__shape__std_diff_z","shape",0.65036231884058,0.65036231884058,21,0.505567334144736,0.0206562349079613,0.030601829493276
30,"pain_high_4_plus","painmonit","emg__reverse__std_diff_z","reverse",0.65036231884058,0.65036231884058,21,0.505567334144736,0.0206562349079613,0.030601829493276
30,"pain_high_4_plus","painmonit","emg__base__min","base",0.351858345021038,0.648141654978962,21,-1.5761255205956,0.00272617744779725,0.010904709791189
30,"pain_high_4_plus","painmonit","respiration__shape__autocorr_2s","shape",0.353406965871903,0.646593034128097,21,-1.69609431547447,4.49024266082939e-05,0.000449024266082939
5,"pain_high_4_plus","painmonit_pmed","ecg__shape__mad","shape",0.69252638548117,0.69252638548117,33,1.59919475289037,2.81711348317726e-08,3.75615131090301e-07
5,"pain_high_4_plus","painmonit_pmed","ecg__shuffle__mad","shuffle",0.69252638548117,0.69252638548117,33,1.59919475289037,2.81711348317726e-08,3.75615131090301e-07
5,"pain_high_4_plus","painmonit_pmed","ecg__reverse__mad","reverse",0.69252638548117,0.69252638548117,33,1.59919475289037,2.81711348317726e-08,3.75615131090301e-07
5,"pain_high_4_plus","painmonit_pmed","eda__base__std","base",0.679557580714258,0.679557580714258,33,1.9995639838876,3.87247081521314e-08,3.87247081521314e-07
5,"pain_high_4_plus","painmonit_pmed","ecg__shape__iqr","shape",0.675896716906181,0.675896716906181,33,1.46627041101463,1.7670631554311e-07,7.0682526217244e-07
5,"pain_high_4_plus","painmonit_pmed","ecg__shuffle__iqr","shuffle",0.675896716906181,0.675896716906181,33,1.46627041101463,1.7670631554311e-07,7.0682526217244e-07
5,"pain_high_4_plus","painmonit_pmed","ecg__reverse__iqr","reverse",0.675896716906181,0.675896716906181,33,1.46627041101463,1.7670631554311e-07,7.0682526217244e-07
5,"pain_high_4_plus","painmonit_pmed","eda__shape__iqr","shape",0.658721813295946,0.658721813295946,33,1.68642304272036,8.92124505320147e-08,5.09785431611512e-07
5,"pain_high_4_plus","painmonit_pmed","eda__shuffle__iqr","shuffle",0.658721813295946,0.658721813295946,33,1.68642304272036,8.92124505320147e-08,5.09785431611512e-07
5,"pain_high_4_plus","painmonit_pmed","eda__reverse__iqr","reverse",0.658721813295946,0.658721813295946,33,1.68642304272036,8.92124505320147e-08,5.09785431611512e-07
10,"pain_high_4_plus","painmonit_pmed","respiration__shape__longest_below_median_frac","shape",0.779485984936719,0.779485984936719,33,1.3898222096205,2.63976208411947e-09,2.63976208411947e-08
10,"pain_high_4_plus","painmonit_pmed","respiration__reverse__longest_below_median_frac","reverse",0.779485984936719,0.779485984936719,33,1.3898222096205,2.63976208411947e-09,2.63976208411947e-08
10,"pain_high_4_plus","painmonit_pmed","bvp__quality__valid_count","quality",0.221503998757668,0.778496001242333,33,-1.75348092762401,1.1387086747106e-07,1.681996716629e-07
10,"pain_high_4_plus","painmonit_pmed","eda__quality__valid_count","quality",0.221503998757668,0.778496001242333,33,-1.75348092762401,1.1387086747106e-07,1.681996716629e-07
10,"pain_high_4_plus","painmonit_pmed","temperature__quality__valid_count","quality",0.221503998757668,0.778496001242333,33,-1.75348092762401,1.1387086747106e-07,1.681996716629e-07
10,"pain_high_4_plus","painmonit_pmed","ecg__quality__valid_count","quality",0.221503998757668,0.778496001242333,33,-1.75348092762401,1.1387086747106e-07,1.681996716629e-07
10,"pain_high_4_plus","painmonit_pmed","respiration__quality__valid_count","quality",0.221503998757668,0.778496001242333,33,-1.75348092762401,1.1387086747106e-07,1.681996716629e-07
10,"pain_high_4_plus","painmonit_pmed","emg__quality__valid_count","quality",0.221503998757668,0.778496001242333,33,-1.75348092762401,1.1387086747106e-07,1.681996716629e-07
10,"pain_high_4_plus","painmonit_pmed","respiration__shape__median_crossings","shape",0.232199704946036,0.767800295053964,33,-2.81608886028631,2.21316505096131e-08,8.85266020384523e-08
10,"pain_high_4_plus","painmonit_pmed","respiration__reverse__median_crossings","reverse",0.232199704946036,0.767800295053964,33,-2.81608886028631,2.21316505096131e-08,8.85266020384523e-08
30,"pain_high_4_plus","painmonit_pmed","eda__shape__longest_below_median_frac","shape",0.886663570571617,0.886663570571617,33,2.56960910811069,1.60867774214222e-15,2.16449099194272e-14
30,"pain_high_4_plus","painmonit_pmed","eda__reverse__longest_below_median_frac","reverse",0.886663570571617,0.886663570571617,33,2.56960910811069,1.60867774214222e-15,2.16449099194272e-14
30,"pain_high_4_plus","painmonit_pmed","emg__shuffle__longest_below_median_frac","shuffle",0.886412012848794,0.886412012848794,33,3.76753305342804,3.03805308167281e-08,3.03805308167281e-08
30,"pain_high_4_plus","painmonit_pmed","bvp__shape__mean_abs_diff_z","shape",0.115484345369403,0.884515654630597,33,-5.94954817462636,3.246736487914e-15,2.16449099194272e-14
30,"pain_high_4_plus","painmonit_pmed","bvp__reverse__mean_abs_diff_z","reverse",0.115484345369403,0.884515654630597,33,-5.94954817462636,3.24673648791407e-15,2.16449099194272e-14
30,"pain_high_4_plus","painmonit_pmed","respiration__shape__mad","shape",0.118425635667015,0.881574364332985,33,-6.38075105171078,3.4927050306948e-13,4.81752418026869e-13
30,"pain_high_4_plus","painmonit_pmed","respiration__shuffle__mad","shuffle",0.118425635667015,0.881574364332985,33,-6.38075105171078,3.4927050306948e-13,4.81752418026869e-13
30,"pain_high_4_plus","painmonit_pmed","respiration__reverse__mad","reverse",0.118425635667015,0.881574364332985,33,-6.38075105171078,3.4927050306948e-13,4.81752418026869e-13
30,"pain_high_4_plus","painmonit_pmed","respiration__shape__longest_below_median_frac","shape",0.880819691164519,0.880819691164519,33,2.42922451976332,5.31247048630618e-14,1.11841483922235e-13
30,"pain_high_4_plus","painmonit_pmed","respiration__reverse__longest_below_median_frac","reverse",0.880819691164519,0.880819691164519,33,2.42922451976332,5.31247048630618e-14,1.11841483922235e-13
5,"pain_high_4_plus","physiopain_watch","acc_x__base__max","base",0.399949874686717,0.600050125313283,0,NA,NA,NA
5,"pain_high_4_plus","physiopain_watch","eda_x_acc_mag__coupling__max_abs_lagged_correlation","coupling",0.599241559589117,0.599241559589117,0,NA,NA,NA
5,"pain_high_4_plus","physiopain_watch","acc_x__shape__q90","shape",0.407005012531328,0.592994987468672,0,NA,NA,NA
5,"pain_high_4_plus","physiopain_watch","acc_x__shuffle__q90","shuffle",0.407005012531328,0.592994987468672,0,NA,NA,NA
5,"pain_high_4_plus","physiopain_watch","acc_x__reverse__q90","reverse",0.407005012531328,0.592994987468672,0,NA,NA,NA
5,"pain_high_4_plus","physiopain_watch","bvp__shape__autocorr_2s","shape",0.407142857142857,0.592857142857143,0,NA,NA,NA
5,"pain_high_4_plus","physiopain_watch","bvp__reverse__autocorr_2s","reverse",0.407142857142857,0.592857142857143,0,NA,NA,NA
5,"pain_high_4_plus","physiopain_watch","acc_x__shape__q75","shape",0.407531328320802,0.592468671679198,0,NA,NA,NA
5,"pain_high_4_plus","physiopain_watch","acc_x__shuffle__q75","shuffle",0.407531328320802,0.592468671679198,0,NA,NA,NA
5,"pain_high_4_plus","physiopain_watch","acc_x__reverse__q75","reverse",0.407531328320802,0.592468671679198,0,NA,NA,NA
10,"pain_high_4_plus","physiopain_watch","bvp__shape__autocorr_2s","shape",0.39578947368421,0.60421052631579,0,NA,NA,NA
10,"pain_high_4_plus","physiopain_watch","bvp__reverse__autocorr_2s","reverse",0.39578947368421,0.60421052631579,0,NA,NA,NA
10,"pain_high_4_plus","physiopain_watch","acc_x__base__max","base",0.403070175438596,0.596929824561404,0,NA,NA,NA
10,"pain_high_4_plus","physiopain_watch","acc_x__shape__median","shape",0.408458646616541,0.591541353383459,0,NA,NA,NA
10,"pain_high_4_plus","physiopain_watch","acc_x__shuffle__median","shuffle",0.408458646616541,0.591541353383459,0,NA,NA,NA
10,"pain_high_4_plus","physiopain_watch","acc_x__reverse__median","reverse",0.408458646616541,0.591541353383459,0,NA,NA,NA
10,"pain_high_4_plus","physiopain_watch","acc_x__shape__q90","shape",0.408521303258145,0.591478696741855,0,NA,NA,NA
10,"pain_high_4_plus","physiopain_watch","acc_x__shuffle__q90","shuffle",0.408521303258145,0.591478696741855,0,NA,NA,NA
10,"pain_high_4_plus","physiopain_watch","acc_x__reverse__q90","reverse",0.408521303258145,0.591478696741855,0,NA,NA,NA
10,"pain_high_4_plus","physiopain_watch","acc_x__base__mean","base",0.408972431077694,0.591027568922306,0,NA,NA,NA
30,"pain_high_4_plus","physiopain_watch","bvp__shape__autocorr_2s","shape",0.37922305764411,0.62077694235589,0,NA,NA,NA
30,"pain_high_4_plus","physiopain_watch","bvp__reverse__autocorr_2s","reverse",0.37922305764411,0.62077694235589,0,NA,NA,NA
30,"pain_high_4_plus","physiopain_watch","acc_x__shape__q10","shape",0.409360902255639,0.590639097744361,0,NA,NA,NA
30,"pain_high_4_plus","physiopain_watch","acc_x__shuffle__q10","shuffle",0.409360902255639,0.590639097744361,0,NA,NA,NA
30,"pain_high_4_plus","physiopain_watch","acc_x__reverse__q10","reverse",0.409360902255639,0.590639097744361,0,NA,NA,NA
30,"pain_high_4_plus","physiopain_watch","acc_x__base__mean","base",0.411303258145363,0.588696741854637,0,NA,NA,NA
30,"pain_high_4_plus","physiopain_watch","acc_x__shape__q90","shape",0.411516290726817,0.588483709273183,0,NA,NA,NA
30,"pain_high_4_plus","physiopain_watch","acc_x__shuffle__q90","shuffle",0.411516290726817,0.588483709273183,0,NA,NA,NA
30,"pain_high_4_plus","physiopain_watch","acc_x__reverse__q90","reverse",0.411516290726817,0.588483709273183,0,NA,NA,NA
30,"pain_high_4_plus","physiopain_watch","acc_x__shape__q25","shape",0.412368421052632,0.587631578947368,0,NA,NA,NA
5,"pain_high_4_plus","rheumapain","eda__base__min","base",0.183168316831683,0.816831683168317,1,NA,NA,NA
5,"pain_high_4_plus","rheumapain","eda__base__max","base",0.184768476847685,0.815231523152315,1,NA,NA,NA
5,"pain_high_4_plus","rheumapain","eda__shape__q10","shape",0.184919666463291,0.815080333536709,1,NA,NA,NA
5,"pain_high_4_plus","rheumapain","eda__shuffle__q10","shuffle",0.184919666463291,0.815080333536709,1,NA,NA,NA
5,"pain_high_4_plus","rheumapain","eda__reverse__q10","reverse",0.184919666463291,0.815080333536709,1,NA,NA,NA
5,"pain_high_4_plus","rheumapain","eda__shape__median","shape",0.185478950579622,0.814521049420378,1,NA,NA,NA
5,"pain_high_4_plus","rheumapain","eda__shuffle__median","shuffle",0.185478950579622,0.814521049420378,1,NA,NA,NA
5,"pain_high_4_plus","rheumapain","eda__reverse__median","reverse",0.185478950579622,0.814521049420378,1,NA,NA,NA
5,"pain_high_4_plus","rheumapain","eda__base__mean","base",0.185668566856686,0.814331433143314,1,NA,NA,NA
5,"pain_high_4_plus","rheumapain","eda__shape__q25","shape",0.186953426886313,0.813046573113687,1,NA,NA,NA
10,"pain_high_4_plus","rheumapain","eda__base__min","base",0.183284457478006,0.816715542521994,1,NA,NA,NA
10,"pain_high_4_plus","rheumapain","eda__shape__q90","shape",0.185223571217057,0.814776428782943,1,NA,NA,NA
10,"pain_high_4_plus","rheumapain","eda__shuffle__q90","shuffle",0.185223571217057,0.814776428782943,1,NA,NA,NA
10,"pain_high_4_plus","rheumapain","eda__reverse__q90","reverse",0.185223571217057,0.814776428782943,1,NA,NA,NA
10,"pain_high_4_plus","rheumapain","eda__shape__q25","shape",0.186309347547133,0.813690652452867,1,NA,NA,NA
10,"pain_high_4_plus","rheumapain","eda__shuffle__q25","shuffle",0.186309347547133,0.813690652452867,1,NA,NA,NA
10,"pain_high_4_plus","rheumapain","eda__reverse__q25","reverse",0.186309347547133,0.813690652452867,1,NA,NA,NA
10,"pain_high_4_plus","rheumapain","eda__shape__q75","shape",0.186506761425328,0.813493238574672,1,NA,NA,NA
10,"pain_high_4_plus","rheumapain","eda__shuffle__q75","shuffle",0.186506761425328,0.813493238574672,1,NA,NA,NA
10,"pain_high_4_plus","rheumapain","eda__reverse__q75","reverse",0.186506761425328,0.813493238574672,1,NA,NA,NA
30,"pain_high_4_plus","rheumapain","eda__shape__q10","shape",0.173549419767907,0.826450580232093,1,NA,NA,NA
30,"pain_high_4_plus","rheumapain","eda__shuffle__q10","shuffle",0.173549419767907,0.826450580232093,1,NA,NA,NA
30,"pain_high_4_plus","rheumapain","eda__reverse__q10","reverse",0.173549419767907,0.826450580232093,1,NA,NA,NA
30,"pain_high_4_plus","rheumapain","eda__shape__q25","shape",0.177390956382553,0.822609043617447,1,NA,NA,NA
30,"pain_high_4_plus","rheumapain","eda__shuffle__q25","shuffle",0.177390956382553,0.822609043617447,1,NA,NA,NA
30,"pain_high_4_plus","rheumapain","eda__reverse__q25","reverse",0.177390956382553,0.822609043617447,1,NA,NA,NA
30,"pain_high_4_plus","rheumapain","eda__shape__q90","shape",0.177991196478591,0.822008803521409,1,NA,NA,NA
30,"pain_high_4_plus","rheumapain","eda__shuffle__q90","shuffle",0.177991196478591,0.822008803521409,1,NA,NA,NA
30,"pain_high_4_plus","rheumapain","eda__reverse__q90","reverse",0.177991196478591,0.822008803521409,1,NA,NA,NA
30,"pain_high_4_plus","rheumapain","eda__shape__q75","shape",0.179951980792317,0.820048019207683,1,NA,NA,NA
5,"pain_high_4_plus","silver_pain","temperature__reverse__max_abs_diff_z","reverse",0.328648589065256,0.671351410934744,20,-0.116686246868873,0.541763532505283,0.973217136495042
5,"pain_high_4_plus","silver_pain","bvp__base__max","base",0.3288139329806,0.6711860670194,20,-0.129647346018563,0.69196953389815,0.973217136495042
5,"pain_high_4_plus","silver_pain","temperature__shape__max_abs_diff_z","shape",0.3288139329806,0.6711860670194,20,-0.116686246868873,0.541763532505284,0.973217136495042
5,"pain_high_4_plus","silver_pain","hr__reverse__wavelet_energy_1","reverse",0.6625,0.6625,20,0.14983931833059,0.474763949696083,0.973217136495042
5,"pain_high_4_plus","silver_pain","bvp__shape__q25","shape",0.659942680776014,0.659942680776014,20,-0.00595258279197998,0.982472838378378,0.982472838378378
5,"pain_high_4_plus","silver_pain","bvp__shuffle__q25","shuffle",0.659942680776014,0.659942680776014,20,-0.00595258279197998,0.982472838378378,0.982472838378378
5,"pain_high_4_plus","silver_pain","bvp__reverse__q25","reverse",0.659942680776014,0.659942680776014,20,-0.00595258279197998,0.982472838378378,0.982472838378378
5,"pain_high_4_plus","silver_pain","bvp__shape__q90","shape",0.341490299823633,0.658509700176367,20,0.0312757190699081,0.917327137115671,0.982472838378378
5,"pain_high_4_plus","silver_pain","bvp__shuffle__q90","shuffle",0.341490299823633,0.658509700176367,20,0.0312757190699081,0.917327137115671,0.982472838378378
5,"pain_high_4_plus","silver_pain","bvp__reverse__q90","reverse",0.341490299823633,0.658509700176367,20,0.0312757190699081,0.917327137115671,0.982472838378378
10,"pain_high_4_plus","silver_pain","bvp__shape__autocorr_1s","shape",0.337166849215042,0.662833150784958,21,-0.527729212494009,0.00609352782802744,0.121870556560549
10,"pain_high_4_plus","silver_pain","bvp__reverse__autocorr_1s","reverse",0.337166849215042,0.662833150784958,21,-0.527729212494009,0.00609352782802743,0.121870556560549
10,"pain_high_4_plus","silver_pain","bvp__shape__q10","shape",0.659159364731654,0.659159364731654,21,0.0876627824207133,0.706344408157899,0.991329574949992
10,"pain_high_4_plus","silver_pain","bvp__shuffle__q10","shuffle",0.659159364731654,0.659159364731654,21,0.0876627824207133,0.706344408157899,0.991329574949992
10,"pain_high_4_plus","silver_pain","bvp__reverse__q10","reverse",0.659159364731654,0.659159364731654,21,0.0876627824207133,0.706344408157899,0.991329574949992
10,"pain_high_4_plus","silver_pain","bvp__shape__q25","shape",0.653797006206645,0.653797006206645,21,0.00662277849380423,0.977434225800427,0.991329574949992
10,"pain_high_4_plus","silver_pain","bvp__shuffle__q25","shuffle",0.653797006206645,0.653797006206645,21,0.00662277849380423,0.977434225800427,0.991329574949992
10,"pain_high_4_plus","silver_pain","bvp__reverse__q25","reverse",0.653797006206645,0.653797006206645,21,0.00662277849380423,0.977434225800427,0.991329574949992
10,"pain_high_4_plus","silver_pain","bvp__base__std","base",0.346978824388463,0.653021175611537,21,-0.0727601015338089,0.7684166592962,0.991329574949992
10,"pain_high_4_plus","silver_pain","bvp__shape__mad","shape",0.34784592917123,0.65215407082877,21,0.0158621811942813,0.945148212395651,0.991329574949992
30,"pain_high_4_plus","silver_pain","eda__reverse__min_time_fraction","reverse",0.595625,0.595625,21,0.405824422810715,0.000300474180901105,0.00400632241201473
30,"pain_high_4_plus","silver_pain","eda__shape__late_minus_early_z","shape",0.586913265306122,0.586913265306122,21,0.126346965652573,0.466122492480491,0.56147839596842
30,"pain_high_4_plus","silver_pain","eda__shape__min_time_fraction","shape",0.413520408163265,0.586479591836735,21,-0.383176481014802,0.000744714170891154,0.00425550954794945
30,"pain_high_4_plus","silver_pain","eda__reverse__late_minus_early_z","reverse",0.413724489795918,0.586275510204082,21,-0.123322734886609,0.466479985485206,0.56147839596842
30,"pain_high_4_plus","silver_pain","bvp__shape__autocorr_05s","shape",0.583647959183674,0.583647959183674,21,0.563757413132395,0.000149787034924588,0.00299574069849182
30,"pain_high_4_plus","silver_pain","bvp__reverse__autocorr_05s","reverse",0.583647959183674,0.583647959183674,21,0.563757413132394,0.000149787034924591,0.00299574069849182
30,"pain_high_4_plus","silver_pain","bvp_x_eda__coupling__lag_at_max_correlation_s","coupling",0.581836734693878,0.581836734693878,21,0.299182228792742,0.00674375021530795,0.0228328257620377
30,"pain_high_4_plus","silver_pain","eda__shuffle__wavelet_energy_1","shuffle",0.425204081632653,0.574795918367347,21,-0.302792432364815,0.00551023005457369,0.0228328257620377
30,"pain_high_4_plus","silver_pain","bvp__shape__autocorr_1s","shape",0.427525510204082,0.572474489795918,21,-0.496341466388807,0.00914252192296797,0.0228328257620377
30,"pain_high_4_plus","silver_pain","bvp__reverse__autocorr_1s","reverse",0.427525510204082,0.572474489795918,21,-0.496341466388807,0.00914252192296794,0.0228328257620377
5,"wesad_stress","wesad","ibi__base__max","base",0.684860273102572,0.684860273102572,15,1.43688265804014,1.5208854943891e-08,2.89692475121734e-08
5,"wesad_stress","wesad","hr__base__max","base",0.31549178895877,0.68450821104123,15,-1.47866642575126,5.34081908398127e-15,1.60141064291368e-14
5,"wesad_stress","wesad","hr__shape__q90","shape",0.31549178895877,0.68450821104123,15,-1.4809779794193,5.37976002346602e-15,1.60141064291368e-14
5,"wesad_stress","wesad","hr__shuffle__q90","shuffle",0.31549178895877,0.68450821104123,15,-1.4809779794193,5.37976002346602e-15,1.60141064291368e-14
5,"wesad_stress","wesad","hr__reverse__q90","reverse",0.31549178895877,0.68450821104123,15,-1.4809779794193,5.37976002346602e-15,1.60141064291368e-14
5,"wesad_stress","wesad","hr__shape__q75","shape",0.31615784416492,0.68384215583508,15,-1.47170647762269,6.3705821461226e-15,1.60141064291368e-14
5,"wesad_stress","wesad","hr__shuffle__q75","shuffle",0.31615784416492,0.68384215583508,15,-1.47170647762269,6.3705821461226e-15,1.60141064291368e-14
5,"wesad_stress","wesad","hr__reverse__q75","reverse",0.31615784416492,0.68384215583508,15,-1.47170647762269,6.3705821461226e-15,1.60141064291368e-14
5,"wesad_stress","wesad","hr__base__mean","base",0.317446278825996,0.682553721174004,15,-1.4703560752305,6.94780460130174e-15,1.60141064291368e-14
5,"wesad_stress","wesad","hr__shape__median","shape",0.317642819706499,0.682357180293501,15,-1.47212638015876,6.9724870753696e-15,1.60141064291368e-14
10,"wesad_stress","wesad","ibi__base__max","base",0.689653581807279,0.689653581807279,15,1.66122388096141,2.22044841033243e-11,4.22942554349035e-11
10,"wesad_stress","wesad","hr__base__max","base",0.310585016835017,0.689414983164983,15,-1.52767113162397,7.87030955731239e-16,4.00597228654993e-15
10,"wesad_stress","wesad","hr__shape__q90","shape",0.311163720538721,0.68883627946128,15,-1.52765707507262,8.31835145963607e-16,4.00597228654993e-15
10,"wesad_stress","wesad","hr__shuffle__q90","shuffle",0.311163720538721,0.68883627946128,15,-1.52765707507262,8.31835145963607e-16,4.00597228654993e-15
10,"wesad_stress","wesad","hr__reverse__q90","reverse",0.311163720538721,0.68883627946128,15,-1.52765707507262,8.31835145963607e-16,4.00597228654993e-15
10,"wesad_stress","wesad","hr__shape__q75","shape",0.31172138047138,0.68827861952862,15,-1.52908992595857,8.81111895329065e-16,4.00597228654993e-15
10,"wesad_stress","wesad","hr__shuffle__q75","shuffle",0.31172138047138,0.68827861952862,15,-1.52908992595857,8.81111895329065e-16,4.00597228654993e-15
10,"wesad_stress","wesad","hr__reverse__q75","reverse",0.31172138047138,0.68827861952862,15,-1.52908992595857,8.81111895329065e-16,4.00597228654993e-15
10,"wesad_stress","wesad","hr__shape__median","shape",0.313478535353535,0.686521464646465,15,-1.51767119528968,1.15145319625463e-15,4.00597228654993e-15
10,"wesad_stress","wesad","hr__shuffle__median","shuffle",0.313478535353535,0.686521464646465,15,-1.51767119528968,1.15145319625463e-15,4.00597228654993e-15
30,"wesad_stress","wesad","hr__base__max","base",0.31520987654321,0.68479012345679,15,-1.37929960457723,6.9088874883416e-15,1.45450262912455e-14
30,"wesad_stress","wesad","hr__shape__q90","shape",0.317313580246914,0.682686419753086,15,-1.40114093762442,4.91573328213285e-15,1.15664312520773e-14
30,"wesad_stress","wesad","hr__shuffle__q90","shuffle",0.317313580246914,0.682686419753086,15,-1.40114093762442,4.91573328213285e-15,1.15664312520773e-14
30,"wesad_stress","wesad","hr__reverse__q90","reverse",0.317313580246914,0.682686419753086,15,-1.40114093762442,4.91573328213285e-15,1.15664312520773e-14
30,"wesad_stress","wesad","hr__shape__q75","shape",0.318962962962963,0.681037037037037,15,-1.44282000338578,2.45545802584621e-15,7.01559435956061e-15
30,"wesad_stress","wesad","hr__shuffle__q75","shuffle",0.318962962962963,0.681037037037037,15,-1.44282000338578,2.45545802584621e-15,7.01559435956061e-15
30,"wesad_stress","wesad","hr__reverse__q75","reverse",0.318962962962963,0.681037037037037,15,-1.44282000338578,2.45545802584621e-15,7.01559435956061e-15
30,"wesad_stress","wesad","hr__shape__median","shape",0.320691358024691,0.679308641975309,15,-1.49175971767081,1.02390439379348e-15,7.01559435956061e-15
30,"wesad_stress","wesad","hr__shuffle__median","shuffle",0.320691358024691,0.679308641975309,15,-1.49175971767081,1.02390439379348e-15,7.01559435956061e-15
30,"wesad_stress","wesad","hr__reverse__median","reverse",0.320691358024691,0.679308641975309,15,-1.49175971767081,1.02390439379348e-15,7.01559435956061e-15
